RSVB_1_LEFT	RSVB_1_RIGHT
RSVB_2_LEFT	RSVB_2_RIGHT
RSVB_3_LEFT	RSVB_3_RIGHT
RSVB_4_LEFT	RSVB_4_RIGHT
RSVB_5_LEFT	RSVB_5_RIGHT
RSVB_6_LEFT	RSVB_6_RIGHT
RSVB_7_LEFT	RSVB_7_RIGHT
RSVB_8_LEFT	RSVB_8_RIGHT
RSVB_9_LEFT	RSVB_9_RIGHT
RSVB_10_LEFT	RSVB_10_RIGHT
RSVB_11_LEFT	RSVB_11_RIGHT
RSVB_12_LEFT	RSVB_12_RIGHT
RSVB_13_LEFT	RSVB_13_RIGHT
RSVB_14_LEFT	RSVB_14_RIGHT
RSVB_15_LEFT	RSVB_15_RIGHT
RSVB_16_LEFT	RSVB_16_RIGHT
RSVB_17_LEFT	RSVB_17_RIGHT
RSVB_18_LEFT	RSVB_18_RIGHT
RSVB_19_LEFT	RSVB_19_RIGHT
RSVB_20_LEFT	RSVB_20_RIGHT
RSVB_21_LEFT	RSVB_21_RIGHT
RSVB_22_LEFT	RSVB_22_RIGHT
RSVB_23_LEFT	RSVB_23_RIGHT
RSVB_24_LEFT	RSVB_24_RIGHT
RSVB_25_LEFT	RSVB_25_RIGHT
RSVB_26_LEFT	RSVB_26_RIGHT
RSVB_27_LEFT	RSVB_27_RIGHT
RSVB_28_LEFT	RSVB_28_RIGHT
RSVB_29_LEFT	RSVB_29_RIGHT
RSVB_30_LEFT	RSVB_30_RIGHT
RSVB_31_LEFT	RSVB_31_RIGHT
RSVB_32_LEFT	RSVB_32_RIGHT
RSVB_33_LEFT	RSVB_33_RIGHT
RSVB_34_LEFT	RSVB_34_RIGHT
RSVB_35_LEFT	RSVB_35_RIGHT
RSVB_36_LEFT	RSVB_36_RIGHT
RSVB_37_LEFT	RSVB_37_RIGHT
RSVB_38_LEFT	RSVB_38_RIGHT
RSVB_39_LEFT	RSVB_39_RIGHT
RSVB_40_LEFT	RSVB_40_RIGHT
RSVB_41_LEFT	RSVB_41_RIGHT
RSVB_42_LEFT	RSVB_42_RIGHT
RSVB_43_LEFT	RSVB_43_RIGHT
RSVB_44_LEFT	RSVB_44_RIGHT
RSVB_45_LEFT	RSVB_45_RIGHT
RSVB_46_LEFT	RSVB_46_RIGHT
RSVB_47_LEFT	RSVB_47_RIGHT
RSVB_48_LEFT	RSVB_48_RIGHT
RSVB_49_LEFT	RSVB_49_RIGHT
RSVB_50_LEFT	RSVB_50_RIGHT
