RSVA_1_LEFT	RSVA_1_RIGHT
RSVA_2_LEFT	RSVA_2_RIGHT
RSVA_3_LEFT	RSVA_3_RIGHT
RSVA_4_LEFT	RSVA_4_RIGHT
RSVA_5_LEFT	RSVA_5_RIGHT
RSVA_6_LEFT	RSVA_6_RIGHT
RSVA_7_LEFT	RSVA_7_RIGHT
RSVA_8_LEFT	RSVA_8_RIGHT
RSVA_9_LEFT	RSVA_9_RIGHT
RSVA_10_LEFT	RSVA_10_RIGHT
RSVA_11_LEFT	RSVA_11_RIGHT
RSVA_12_LEFT	RSVA_12_RIGHT
RSVA_13_LEFT	RSVA_13_RIGHT
RSVA_14_LEFT	RSVA_14_RIGHT
RSVA_15_LEFT	RSVA_15_RIGHT
RSVA_16_LEFT	RSVA_16_RIGHT
RSVA_17_LEFT	RSVA_17_RIGHT
RSVA_18_LEFT	RSVA_18_RIGHT
RSVA_19_LEFT	RSVA_19_RIGHT
RSVA_20_LEFT	RSVA_20_RIGHT
RSVA_21_LEFT	RSVA_21_RIGHT
RSVA_22_LEFT	RSVA_22_RIGHT
RSVA_23_LEFT	RSVA_23_RIGHT
RSVA_24_LEFT	RSVA_24_RIGHT
RSVA_25_LEFT	RSVA_25_RIGHT
RSVA_26_LEFT	RSVA_26_RIGHT
RSVA_27_LEFT	RSVA_27_RIGHT
RSVA_28_LEFT	RSVA_28_RIGHT
RSVA_29_LEFT	RSVA_29_RIGHT
RSVA_30_LEFT	RSVA_30_RIGHT
RSVA_31_LEFT	RSVA_31_RIGHT
RSVA_32_LEFT	RSVA_32_RIGHT
RSVA_33_LEFT	RSVA_33_RIGHT
RSVA_34_LEFT	RSVA_34_RIGHT
RSVA_35_LEFT	RSVA_35_RIGHT
RSVA_36_LEFT	RSVA_36_RIGHT
RSVA_37_LEFT	RSVA_37_RIGHT
RSVA_38_LEFT	RSVA_38_RIGHT
RSVA_39_LEFT	RSVA_39_RIGHT
RSVA_40_LEFT	RSVA_40_RIGHT
RSVA_41_LEFT	RSVA_41_RIGHT
RSVA_42_LEFT	RSVA_42_RIGHT
RSVA_43_LEFT	RSVA_43_RIGHT
RSVA_44_LEFT	RSVA_44_RIGHT
RSVA_45_LEFT	RSVA_45_RIGHT
RSVA_46_LEFT	RSVA_46_RIGHT
RSVA_47_LEFT	RSVA_47_RIGHT
RSVA_48_LEFT	RSVA_48_RIGHT
RSVA_49_LEFT	RSVA_49_RIGHT
RSVA_50_LEFT	RSVA_50_RIGHT
